Name	Latitude	Longitude
Gaza’s	NA	NA
Israel	31.5	34.75
Gaza	31.50161	34.46672
US	49.1	1.96667
Hamas’s	NA	NA
Israel’s	NA	NA
Shati	31.7764	103.712
Gaza Strip	31.50161	34.46672
Tel Aviv	32.08088	34.78057
West Bank	19.38197	-81.39281
the West Bank	-10.42172	105.67912
the Gaza Strip	-26.25	28
Egypt	27	30
South Africa’s	26.5	-81
Friday’s	NA	NA
Strip	-27.51667	27.05
al-Nasr	26.14306	50.61028
Deir El Balah	31.41834	34.34933
Deir al-Balah	31.41834	34.34933
Ashkelon	31.66926	34.57149
Jerusalem	31.76904	35.21633
Bat Ayin	32.02379	34.75185
Qatar	25.5	51.25
Silwan	31.76836	35.23805
East Jerusalem	31.78336	35.23388
Al Bustan	29.79889	38.39599
City of David	38.55519	-121.7366
Bustan	25.18444	69.5049
Batan Al Hawa	14.35111	45.55361
Area C	-25.55132	-54.61622
Iran	32	53
Jenin	32.45943	35.30086
Lebanon	33.83333	35.83333
Syria	35	38
Rafah	31.29722	34.24357
Malta	35.91667	14.43333
southern Gaza Strip	34.68743	-116.78467
Gaza City	31.50161	34.46672
Nablus	32.22111	35.25444
Beit Hanoon	31.5353	34.53579
Beit Lahiya	31.5464	34.49514
Jabalia	31.5272	34.48347
Ramallah	31.89964	35.20422
Shatila	42.65879	45.15632
Sabra	34.83042	-1.547
Beirut	33.89332	35.50157
Palestine	31.92157	35.20329
Tehran	35.69439	51.42151
Washington	47.50012	-120.50147
DC	38.91706	-77.00025
the United States	34.31336	-79.63717
New York	40.71427	-74.00597
Texas	31.25044	-99.25061
Huwara	32.15242	35.25659
@yuhline	NA	NA
New York City	40.71427	-74.00597
@YousefMunayyer	NA	NA
Qabatiya	32.41035	35.28087
Qabatyah	NA	NA
el-Bireh	33.61309	-112.3246
Beitin	31.92674	35.24098
Ukraine	49	32
Los Angeles	34.05223	-118.24368
California	37.25022	-119.75126
Osage	49.95639	-103.5815
Mariupol	47.09514	37.54131
Russia	60	100
Alabama	32.75041	-86.75026
Dura	28.8	49.23333
Hebron	31.52935	35.0938
Tulkarem	32.31156	35.0269
Washington, DC	38.89511	-77.03637
The United States	34.31336	-79.63717
Saudi Arabia	25	45
Jeddah	21.49012	39.18624
Riyadh	24.68773	46.72185
the Middle East	-10.42172	105.67912
the United Arab Emirates	45.16002	-121.16778
Bahrain	26.03333	50.55
Morocco	28.5	-10
Sudan	16	30
Washington’s	NA	NA
Moscow	55.75222	37.61556
al-Shifa	22.97478	54.19517
the Red Sea	-20.03085	45.695
United Kingdom	54.75844	-2.69531
Yemen	15.5	47.5
Sanaa	15.35472	44.20667
Aden	12.77944	45.03667
UK	54.75844	-2.69531
The Red Sea	-20.03085	45.695
Africa	7.1881	21.09375
Red Sea	52.26682	-113.802
Marib	15.6213	46.0111
North Africa	32.95337	9.97559
Burqa	32.30177	35.19263
Homesh	40.98083	20.56667
Shavei Shomron	32.98098	35.08331
Salfit	32.08371	35.18079
Ariel	32.1065	35.18449
Evyatar	NA	NA
Beita	31.0552	104.681
Eyvatar	NA	NA
Sheikh Jarrah	35.50239	48.22279
Deir el-Balah	31.41834	34.34933
Redwan	31.53333	34.43333
the Near and Middle East	42.6707	-120.14612
Tubas	32.32091	35.36989
al-Faraa	29.20459	42.82874
al-Fa’ra	29.20459	42.82874
Middle East	33.13906	35.85869
Libya	28	17
Tnirte	NA	NA
the Atlas Mountains	44.5584	-80.458
Marrakesh	31.63416	-7.99994
Algeria	28	3
Derna	32.76704	22.63669
Storm Daniel	45.17226	-109.82991
Morocco’s High Atlas Mountains	38.98159	-118.13707
Imi N’Tala	30.03874	-7.94084
Turkey	39	35
Jordan	31	36
UAE	12.26667	-14.7
Charleston	32.77632	-79.93275
South Carolina	34.00043	-81.00009
@baysontheroad	NA	NA
the Democratic Republic of the Congo	41.66667	21.75
Somalia	6	48
Haiti	19.07582	-72.29616
Nabatieh	33.37717	35.48383
Sawana	32.08354	-81.09983
Safed	32.96465	35.496
United States	39.76	-98.5
Cairo	30.06263	31.24967
the Mediterranean Sea	-20.5493	130.3472
al-Maghazi	30	5
Wadi Gaza	15	21.5
Ola’s	NA	NA
Maghazi	31.42234	34.38501
Naqab	36.78066	44.08279
Negev	30.5	34.91667
Gaza’s Rafah	NA	NA
Gaza Strip’s	31.41667	34.33333
Abu Hamra	24.45118	54.39696
Abu Sultan	27.93043	30.83826
Paris	48.85341	2.3488
Britain	54	-2
France	46	2
PA	12.66667	-3.95
Doha	25.28545	51.53096
Hong Kong	22.27832	114.17469
South Africa	26.5	-81
the State of Palestine	37.00724	-75.98329
Khan Yunis	31.34018	34.30627
Askhelon	NA	NA
Ashdod	31.79213	34.64966
Toronto	43.70643	-79.39864
Davos	46.80429	9.83723
Switzerland	47.00016	8.01427
Geneva	46.20222	6.14569
al-Ram	24.19167	55.76056
Bethlehem	40.62593	-75.37046
Mauritania	20.25	-10.5
the Strip	-34.43943	143.14742
Jakarta	-6.21462	106.84513
al-Damaj	24.44054	46.9779
Hawasheen	NA	NA
Europe	48.69096	9.14062
Netivot	31.42305	34.58911
Serbia	44.81892	20.45998
Belgrade	44.80401	20.46513
Israel-Palestine	31.5	34.75
Yugoslavia	44	19.75
the Western Balkans	-22.9	141.85001
West	42.77268	-116.9579
Balkans	43.97233	22.11567
Kosovo	42.58333	20.91667
Tel Aviv’s	32.08088	34.78057
Zababdeh	NA	NA
the southern West Bank	47.68748	-123.09688
Yamam	NA	NA
Saqer	NA	NA
Bint Jbeil	33.11944	35.43333
Bnei Brak	32.08074	34.8338
Hague	52.51118	-106.41859
Pretoria	-25.74486	28.18783
Uganda	1.25	32.5
China	35	105
The Hague	52.07667	4.29861
Kuwait	29.5	47.75
@RepCori	NA	NA
Canada	60.10867	-113.64258
Montreal	45.50884	-73.58781
Milton, Ontario	43.51681	-79.88294
Ottawa	45.41117	-75.69812
Calgary	51.05011	-114.08529
Afghanistan	33	66
Gaza’s Deir el-Balah	22.59767	-12.56362
the United Kingdom	57.27694	-133.65278
@KenRoth	NA	NA
al-Zaitoun	27.1418	-13.18797
Beit Hanoun	31.5353	34.53579
The United Arab Emirates	45.16002	-121.16778
Asia	29.84064	89.29688
Mandeb Strait	4	100
South Africa’s Cape of Good Hope	44.56863	-84.48058
West Jerusalem	31.78199	35.21961
Netanyahu’s	NA	NA
Al Shifa	22.97478	54.19517
Shifa	39.56383	116.25075
Belize	17.25	-88.75
Khan Younis	31.34018	34.30627
Gaza City’s	31.50161	34.46672
Shujayea	NA	NA
al-Mawasi	23.261	57.54
al-Muhtaseb	26.25722	50.61194
COP28 Dubai	25.22602	55.28354
Dubai	25.07725	55.30927
Bir Sheva	31.25181	34.7913
Monday’s	NA	NA
Lake Tiberias	32.47282	-98.42982
Syrian Golan Heights	35	38
Alumim	31.45232	34.51384
Jenin’s	NA	NA
Haifa	32.81841	34.9885
Nazareth	32.70056	35.29722
Stalingrad	48.71939	44.50183
Iraq	33	44
Damascus	33.5102	36.29128
the Strait of Hormuz	-20.5493	130.3472
the Czech Republic	6	48
Denmark	56	10
Mexico	23	-102
Netherlands	52.25	5.75
Norway	62	10
Delaware	39.00039	-75.49992
U.S.	39.76	-98.5
Syria’s	NA	NA
Emirates	51.5551	-0.1084
South Korea	36.5	127.75
Tel Aviv.	32.08088	34.78057
Hong Kong’s	22.26686	114.17885
the Carmel Mountains	44.5584	-80.458
Mediterranean Sea	35.78	19.33
Jaffa	32.05043	34.75224
Akka	32.92814	35.07647
Nabka	29.36804	78.7133
Wadi Salib	12.06371	22.58978
Yarmouk	33.29556	44.34167
Wadi Nisnas	14.21951	44.46513
Nakba	NA	NA
Umm Safa	24.99226	51.55067
Turmus Ayya	32.03538	35.28564
Ateret	32.00109	35.17728
Qalandia	NA	NA
South Lebanon	51.38948	-0.07656
Lebanon’s	NA	NA
Japan’s	NA	NA
Tokyo	35.6895	139.69171
Japan	35.68536	139.75309
Kuala Lumpur	3.1412	101.68653
Malaysia	2.5	112.5
Naples	40.85216	14.26811
Italy	42.83333	12.83333
Austria	47.33333	13.33333
Australia	-25	135
Finland	64	26
Germany	51.5	10.5
Iceland	65	-18
Sweden	62	15
Romania	46	25
Hermesh	32.42337	35.11898
Shuafat	31.81651	35.22745
East Jerusalem’s Old City	38.91214	-85.32599
Judaise	NA	NA
the Jordan Valley	34.31336	-79.63717
South Hebron Hills	25.30162	90.5853
Strip’s	NA	NA
the Jordan River	18.25706	-78.14275
Huwwara	32.15224	35.25673
Hawara	32.53289	35.90754
Rafidia	NA	NA
Nablus city	32.22111	35.25444
Askar	40.46539	48.74004
Nablus’s Old City	32.67811	-117.0992
The Old City	43.17238	-73.47012
the Old City	43.17238	-73.47012
East	28.62255	77.29148
Nuseirat	31.44861	34.3925
Milan	45.46427	9.18951
Copenhagen	55.67594	12.56553
Hessen	50.55	9
Berlin	52.52437	13.41053
the Temple Mount	-10.42172	105.67912
Nabulsi	NA	NA
El mundo	34.06862	-118.02757
Colombia	4	-73.25
@petrogustavo	NA	NA
Musta’ribeen	NA	NA
Asqalan	31.65996	34.54907
Sinai	10.08605	-73.40585
London	51.50853	-0.12574
Sheikh Radwan	32.82289	70.66606
the Holy City of Jerusalem	28.70482	-82.081
@KSaloomey	NA	NA
Golan Heights	32.90485	35.80725
the Egyptian Sinai Peninsula	42.46945	-98.68759
Portugal	39.6945	-8.13057
Dheisheh	31.69357	35.18383
Kufr Dan	32.37342	35.15554
@PalestineMoE	NA	NA
Hiji	33.37081	131.53025
Erez	31.56024	34.56661
Rafah city	44.08054	-103.23101
Bureij	31.43944	34.40306
Arraba	32.40517	35.20189
Zeitoun	34.06222	35.68528
the Lions’ Den	-0.52574	166.91259
Glasgow	55.86515	-4.25763
Scotland	56	-4
Eastern Europe	51.72703	28.38867
England	52.16045	-0.70312
Wales	65.60721	-168.08869
Northern Ireland	38.73074	-77.71193
Kyiv	50.45466	30.5238
Zaporizhzhia	47.85167	35.11714
Edinburgh	55.95206	-3.19648
Odesa	46.48572	30.74383
Chile	-30	-71
Latin America	43.62187	21.25993
Bolivia	-17	-65
Argentina	-34	-64
Peru	-10	-75.25
Venezuela	8	-66
Bosnia	44	18
Rwanda	-2	30
Myanmar	21	96
Refaat	NA	NA
Poland	52	20
@AJEnglish	NA	NA
@TamaraINassar	NA	NA
the Negev desert	-10.42172	105.67912
al-Habbariyeh	29.2775	47.95861
Kiryat Shmona	33.20733	35.57212
al-Jamaa al-Islamiya	30.50316	47.81507
Gretna	41.14083	-96.23974
Louisiana	31.00047	-92.0004
New Orleans	29.95465	-90.07507
@MirandaCleland	NA	NA
America	26.0173	-104.41406
Al Shati	29.07694	48.08389
Occupied West Bank	31.92157	35.20329
Ramle	31.92923	34.86563
Ofer	32.62257	34.98302
Israel’s Gilboa	NA	NA
Ireland	53	-8
#October7	NA	NA
Abwein	32.03144	35.19992
Qalqilya	32.18583	35.06583
Jericho	31.86667	35.45
Mount Zion	0.43716	29.8997
Bani Suhaila	31.34337	34.32337
Zeyrek	38.46493	40.8565
the Ottoman Empire	49.09111	-84.755
Karem Abu Salem	30.486	31.60823
Kerem Shalom	31.22777	34.28459
Chicago	41.85003	-87.65005
al-Mowasi	29.07694	48.08389
North America	46.07323	-100.54688
Western Europe	50.21909	7.42676
The United Kingdom	57.27694	-133.65278
Americas	26.0173	-104.41406
New Zealand	-42	174
Vietnam	16.16667	107.83333
Houthi Red Sea	52.54377	1.71339
Houthi	NA	NA
Salem	44.9429	-123.0351
Ohio	40.25034	-83.00018
Pennsylvania	40.8	-77.7
North Carolina	35.50069	-80.00032
Pittsburgh	40.44062	-79.99589
Michigan	44.25029	-85.50033
Michigan’s 12th Congressional District	33.48059	-86.90906
Detroit City	42.33143	-83.04575
@BernieSanders	NA	NA
San Francisco	37.77493	-122.41942
Beit Hanina	31.5353	34.53579
Givat Ze’ev	32.07817	34.84858
Al-Aqsa	31.78961	35.74988
Jerusalem’s Old City	38.5767	-92.17352
Shimon Tzadak	NA	NA
the Green Line	-20.03085	45.695
Lod	31.9467	34.8903
Shu’afat	NA	NA
Shabura	NA	NA
Yemen’s	NA	NA
Spain	40	-4
West Bank’s	19.38333	-71.21667
Bab al-Mandeb Strait	12.60416	43.33557
Bab al-Mandeb strait	12.60416	43.33557
Liberia	6.5	-9.5
al-Makha	13.51998	43.42798
Mocha	13.31814	43.24991
Liberain	NA	NA
the Bab el-Mandeb Strait	31.24938	-97.53052
Alanya	36.54375	31.99982
Piraeus	37.94203	23.64619
Singapore	1.36667	103.8
Bab al-Mandeb	12.60416	43.33557
Indonesia	-5	120
Brunei	4.5	114.66667
Kefalonia	38.12227	20.50246
Sharqia governorate	15	47
Cairo’s	NA	NA
Nasr City	30.06667	31.3
Cape Town	-33.92584	18.42322
the Arab World	-20.03085	45.695
France’s	NA	NA
Barbes	41.11013	21.20359
@ElsaFaucillon	NA	NA
Heilbronn	49.13995	9.22054
al-Ein	24.19167	55.76056
Judea	31.58333	35
Samaria	32.25	35.16667
The State of Palestine	37.00724	-75.98329
State of Palestine	30.25	79.25
Kiryat Arba	33.20733	35.57212
@tksshawa	NA	NA
@bentreyf	NA	NA
Houthis’	NA	NA
Arabian Gulf	26.35058	50.16805
North Yemen	51.29553	9.41321
the People’s Democratic Republic of Yemen	41.66667	21.75
@IlhanMN	NA	NA
@AOC	NA	NA
Jerusalem’s Sheikh Jarrah	32.31163	35.13488
the Korean Peninsula	-64.483	-63.15
Cyprus	35.00304	32.98791
the Democratic Republic of Congo	25.7251	-80.24283
South Sudan	7.5	30
Kurdistan	37	44
Sierra Leone	8.5	-11.5
East Timor	-8.83333	125.75
Nazi Germany	31.33115	67.34652
the Soviet Union	-0.52574	166.91259
United States’	39.76	-98.5
@4noura	NA	NA
Jabalia Camp	26.03333	50.55
El Arish	31.13159	33.79844
Gaza city	31.50161	34.46672
East Jerusalem’s	37.02332	-77.36954
Palestine-Israel	31.81333	-95.65255
Columbia	4	-73.25
Belgium	50.75	4.5
Czech Republic	49.75	15
Hungary	47	20
Slovenia	46.08333	15
Brussels	50.85045	4.34878
@carogennez	NA	NA
Belgium’s	NA	NA
Flanders	51	4.5
Wallonia	50.5	4.75
the Occupied West Bank	44.48838	-73.24763
Alexandria	31.20176	29.91582
@RashidaTlaib	NA	NA
Bureji	NA	NA
Pakistan	30	70
Tal al-Hawa	36.74833	42.30685
Old City of Nablus	44.74	-93.07917
al-Halabeh	36.50237	40.74772
Lions’ Den	-17.26667	30.03333
Aqabet Jaber	15.2666	47.3494
Jericho city	38.5767	-92.17352
Ein al-Hilweh	33.54167	35.37778
Basel	47.55839	7.57327
Kadri’s	NA	NA
al-Jiftlik	32.1407	35.48738
Farsiya	35.95584	42.96643
Makhoul	33.40788	37.3558
Areas A	-16.39889	-71.535
Croatia	45.16667	15.5
Nagorno-Karabakh	40	46.58333
Armenia	40.25	45
Islam’s	NA	NA
al-Shifa’s	26.24225	45.62364
Taiwan	24	121
Kisan	31.61083	35.22451
Ma’ale Amos	31.59608	35.22981
Mizpe Shalem	31.58333	35.4
Abei Hanahal	41.15832	45.20007
the Abei Hanahal	57.27694	-133.65278
al-Ahli	29.07694	48.08389
Hirbawi	NA	NA
Islamaphobia	NA	NA
Virginia	37.54812	-77.44675
Washington’s Georgetown	38.9036	-77.0534
Brooklyn	40.6501	-73.94958
Burlington	44.47588	-73.21207
Vermont	44.00034	-72.74983
Houston	29.76328	-95.36327
Tene Omarim	-3.63869	18.03707
al-Mughayyir	32.0192	35.34783
Adei	40.12091	44.00153
Al Jazeera’s	14.6	33.35
Kerman	30.28321	57.07879
the Islamic Republic	42.72	-71.1925
Nur Shams	51.1801	71.44598
Naqoura	33.11806	35.13972
Balata	7.27611	-10.32083
Reihan	32.46863	35.13529
#Gaza Strip	NA	NA
Kafr Sousa	33.48747	36.26879
Um Haroun	32.54724	36.03491
Kerem Alajoni	31.22777	34.28459
Phoenix	33.44838	-112.07404
Arizona	34.5003	-111.50098
Erbil	36.19117	44.00943
Sayyida Zeinab	33.4466	36.33641
Levant	34	36
@AlboMP	NA	NA
Jalazone	31.95119	35.21165
Qatar’s	NA	NA
Connecticut	41.66704	-72.66648
Jordan’s	NA	NA
Amman	31.95522	35.94503
Gulf	-7.7246	145.08545
Ramot	16.74888	120.49375
Beit Iksa	31.5464	34.49514
the Near East	-10.42172	105.67912
Bordeaux	44.84044	-0.5805
@GhassanAbuSitt1	NA	NA
Nicaragua	13	-85
New Hampshire	43.66702	-71.4998
Tel al-Hawa	32.08088	34.78057
Beit Lahia	31.5464	34.49514
Al Rantisi	29.17389	48.12111
Bayan	28.9529	60.9187
@BayanPalestine	NA	NA
Miami	25.77427	-80.19366
Amal	18.3285	55.66968
Deir Al-Balah	31.41834	34.34933
Remal	35.33775	72.07339
USSR	60	98
Tallinn	59.43696	24.75353
Tashkent	41.26465	69.21627
Almon	45.12924	6.03707
Anatot	31.80924	35.25902
Anata	31.80924	35.25902
Sde Teyman	32.43946	35.5127
Be’er Sheva	31.25181	34.7913
Kashmir	30.33315	63.19089
Srinagar	34.08565	74.80555
India	22	79
Kashmir’s Shopian	NA	NA
Srinagar’s	NA	NA
Islamabad	33.72148	73.04329
Shopian	33.70812	74.84372
Barkati	29.41077	78.50369
the Kashmir Valley	51.46117	-0.93083
San Francisco’s Mission District	37.77668	-122.42031
Fayes	NA	NA
Oakland	37.80437	-122.2708
Mission District	37.75993	-122.41914
San Francisco’s	37.77493	-122.41942
Kibbutz Be’eri	31.78377	35.11926
Winnipeg	49.8844	-97.14704
Livonia	42.36837	-83.35271
Tel Israel’s	32.65627	35.30216
Indonesia’s	NA	NA
Johannesburg	-26.20227	28.04363
Vienna	48.20849	16.37208
Washington DC	47.50012	-120.50147
Manchester	42.99564	-71.45479
Hyderabad	17.38405	78.45636
Colombo’s Kollupitiya	NA	NA
Tall az-Zataar	33.86861	35.54917
Hollywood	26.0112	-80.14949
@ChrisVanHollen	NA	NA
Oslo	59.91273	10.74609
Maryland	39.00039	-76.74997
Ivy League	44.36682	-76.01607
Philadelphia	39.95238	-75.16362
Manhattan	40.78343	-73.96625
@ColumbiaSJP	NA	NA
Munich	48.13743	11.57549
Aston Villa	52.65	-2.96667
Farhana	NA	NA
Abudaqa	NA	NA
Florida	28.75054	-82.5001
Iowa	42.00027	-93.50049
ex-New Jersey	19.85528	-98.96333
The Gaza Strip	-26.25	28
Sinjil	32.03334	35.26545
Beitunia	31.8966	35.17048
The West Bank	-10.42172	105.67912
Asdod	31.79213	34.64966
The Middle East	-10.42172	105.67912
Sa-Nur	15.35472	44.20667
Kadim	43.503	17.19923
Ganim	29.56058	34.95322
Kedumim	32.21207	35.1575
Ghaziyeh	33.5175	35.36889
the Lower Galilee	41.31204	-72.00952
Safad	32.96465	35.496
the Blue Line	34.73897	-85.77997
the Litani [River	18.25706	-78.14275
Houla	34.89316	36.50669
Khiam	NA	NA
Damj	NA	NA
Dahiyeh	NA	NA
Beirut’s Shatila	NA	NA
Tasnim	NA	NA
the West Bank	NA	NA
the Hebron Governorate	31.24938	-97.53052
Istanbul	41.01384	28.94966
Aegean	50.82143	-94.75741
Izmir	38.41273	27.13838
Ankara	39.91987	32.85427
Egypt.	27	30
The State of Qatar	-33.21645	146.45597
Gaza#MOFAQatar	NA	NA
Tel Ismail	32.70545	35.61761
Tehran’s	NA	NA
East Jerusalem	31.78336	35.23388
Oslo	59.91273	10.74609
Maldives	3.2	73
Rimal	62.95504	21.77444
Near and Middle East	54.16667	-6.25
Oceania	-18.31281	138.51562
the Global North	40.11286	-74.047
Tunis	36.81897	10.16579
al-Ramla	28.9703	45.27141
Syrian Golan	48.87662	-99.73658
Deraa	32.61889	36.10213
Syria’s Deraa province	33.26954	35.19626
Aleppo	36.20124	37.16117
the Golan Heights	40.11286	-74.047
Earth	0	0
Burin	47.07332	-55.16848
al-Sumoud	15.42069	45.3486
Jerusalem’s Shuafat	NA	NA
Old Jerusalem	40.7626	-73.45318
Lama Khater	9.55111	1.18611
Auckland	-36.84853	174.76349
Islam	36.97699	66.67807
Abergavenny	51.82098	-3.01743
Al Aqabah	18.17448	56.53989
Algiers	36.73225	3.08746
Amsterdam	52.37403	4.88969
Athens	37.98376	23.72784
Atlanta	33.749	-84.38798
Baghdad	33.34058	44.40088
Bangor	53.22752	-4.12936
Basrah	30.50852	47.7804
Benslimane	33.61601	-7.12153
Birmingham	52.48142	-1.89983
Boston	42.35843	-71.05977
Bradford	53.79391	-1.75206
Braunstone	52.61835	-1.17904
Brighton	50.82838	-0.13947
Brisbane	-27.46794	153.02809
Bristol	51.45523	-2.59665
Canberra	-35.28346	149.12807
Casablanca	33.58831	-7.61138
Christchurch	-43.53333	172.63333
Cork	51.89797	-8.47061
Daraa	32.61889	36.10213
Dearborn	42.32226	-83.17631
Derry	54.9981	-7.30934
Dhaka	23.7104	90.40744
Diwaniyah	31.99289	44.92552
Dublin	53.33306	-6.24889
Dunedin	-45.87416	170.50361
Eindhoven	51.44083	5.47778
Edmonton	53.55014	-113.46871
Fargo	46.87719	-96.7898
Frankfort	38.20091	-84.87328
Fresno	36.74773	-119.77237
Galway	53.27245	-9.05095
Gaziantep	37.05944	37.3825
Halifax	44.64269	-63.57688
Hamburg	53.55073	9.99302
Hamilton	32.2949	-64.78303
Idlib	35.93062	36.63393
Indiana	40.00032	-86.25027
Irbid	32.55556	35.85
Jacksonville	30.33218	-81.65565
Kabul	34.52813	69.17233
Kampala	0.31628	32.58219
Karachi	24.8608	67.0104
Kelowna	49.88307	-119.48568
Kensington	51.50094	-0.19175
Khartoum	15.55177	32.53241
Krakow	50.06143	19.93658
Lahore	31.558	74.35071
Leicester	52.6386	-1.13169
Leipzig	51.33962	12.37129
Lille	50.63297	3.05858
Limerick	52.66472	-8.62306
Llandudno	53.32498	-3.83148
Lyon	45.74846	4.84671
Madrid	40.4165	-3.70256
Mahdia	35.50472	11.06222
Marrakech	31.63416	-7.99994
Melbourne	-37.814	144.96332
Milwaukee	43.0389	-87.90647
Mogadishu	2.03711	45.34375
Montpellier	43.61093	3.87635
Mississauga	43.5789	-79.6583
Nairobi	-1.28333	36.81667
Nelson	-41.27078	173.28404
Newburgh	37.94449	-87.40529
Newcastle	39.65948	-75.56359
Newtown	38.3504	-76.45773
Nicosia	35.17531	33.3642
Norwich	52.62783	1.29834
Oxford	51.75222	-1.25596
Palmerston	-12.48602	130.9833
Perth	-31.95224	115.8614
Peshawar	34.008	71.57849
Pontypridd	51.6021	-3.34211
Pristina	42.67272	21.16688
Preston	53.76282	-2.70452
Buenos Aires	-34.61315	-58.37723
Quetta	30.18414	67.00141
Rabat	34.01325	-6.83255
Raleigh	35.7721	-78.63861
Richmond	37.55376	-77.46026
Rome	41.89193	12.51133
San Jose	9.93333	-84.08333
Sandton	-26.104	28.054
Saskatoon	52.13238	-106.66892
Sao Paulo	-23.5475	-46.63611
Sarajevo	43.84864	18.35644
Sydney	-33.86785	151.20732
St. John’s	48.2	15.63333
Strasbourg	48.58392	7.74553
Stuttgart	48.78232	9.17702
Swansea	51.62079	-3.94323
Tasmania	-42	147
Toulouse	43.60426	1.44367
Tucson	32.22174	-110.92648
Trablus	32.88743	13.18733
Tripoli	34.43352	35.84415
Vancouver	49.24966	-123.11934
Warsaw	52.22977	21.01178
Waterford	52.25833	-7.11194
Waterloo	50.71469	4.3991
Wellington	-41.28664	174.77557
Whanganui	-38.77823	175.73021
Jit	32.21431	35.17081
New Jersey	40.16706	-74.49987
Nile River	34.32358	66.61171
el-Sisi	27.1418	-13.18797
Jadaliyya	NA	NA
Greece	39	22
the Eastern Mediterranean	41.88445	-91.71073
Souda Bay	39.00101	-122.78916
Crete	35.15585	24.89502
Elefsina	38.04135	23.54295
Eastern Mediterranean’s	37.02332	-77.36954
EastMed	NA	NA
Kalamata	37.03913	22.11265
Athens’	NA	NA
east Aegean islands	52.24067	0.50415
the Global South	40.04866	-90.20842
earth	0	0
Dahiya	8.0264	80.533
Mediterranean	35.78	19.33
the Republic of Yemen	38.889	-77.00525
Hodeidah	14.79781	42.95452
Saada	16.94021	43.76393
Taiz	13.57952	44.02091
Hajjah	15.69425	43.60582
al-Wehda	13.98523	45.57272
@OsaidalserMD	NA	NA
Dagestan	43	47
New Delhi	28.62137	77.2148
India’s	NA	NA
Mumbai	19.07283	72.88261
Gujarat	23	71.75
Kargil	34.55765	76.12622
Gaza] Strip	31.50161	34.46672
Raminho	38.77115	-27.3385
@JanaJaberP	NA	NA
Syria’s Aleppo	NA	NA
States	NA	NA
al-Karara	17.57855	44.55132
Palestinians’	NA	NA
Ahmed’s	NA	NA
Israel Palestine	31.5	34.75
Masafer Yatta	NA	NA
Khribet al Fakhiet	31.37662	35.16619
al-Markez	32.49257	20.82909
Jarrah	24.05	54.1
Egypt’s	NA	NA
QudsNen	NA	NA
Burqin	32.07216	35.09943
Hadassah	-51.68333	-57.81667
Ein Karem	51.44083	5.47778
Silwad	31.97625	35.2613
Jaffna	9.66845	80.00742
Jalazoun	31.95119	35.21165
United States’s	39.76	-98.5
United Arab Emirates	23.75	54.5
Wisconsin	44.50024	-90.00041
Sderot	31.525	34.59693
@TWennesland	NA	NA
the Palestinian West Bank	-26.93452	151.87859
the Gaza Strip	36.11479	-115.17281
the United States’s	34.31336	-79.63717
Adelaide	-34.92866	138.59863
Barcelona	41.38879	2.15899
Braband	51.31667	7.4
Brasilia	-15.77972	-47.92972
Cambridge	42.3751	-71.10561
Caracas	10.48801	-66.87919
Colombo	6.93548	79.84868
Dallas	32.78306	-96.80667
Delhi	28.65195	77.23149
Diyarbakir	37.91363	40.21721
Kolkata	22.56263	88.36304
Los Angles	34.05223	-118.24368
Lucknow	26.83928	80.92313
Male	4.17521	73.50916
Manama	26.22787	50.58565
Marawi City	8.0034	124.28395
Mexico City	19.42847	-99.12766
Portland	45.52345	-122.67621
Pune	18.51957	73.85535
Rio de Janeiro	-22.90642	-43.18223
Santiago	-33.45694	-70.64827
Seoul	37.566	126.9784
Surakarta	-7.55611	110.83167
Thiruvananthapuram	8.4855	76.94924
Turin	45.07049	7.68682
Beijing	39.9075	116.39723
Israel’s Jerusalem	31.78336	35.23388
al-Tur	24.19167	55.76056
Tunisia	34	9
Tunisia’s	NA	NA
Mdais	NA	NA
Latakia	35.53168	35.79011
Albu Kamal	34.45226	40.91854
Detroit	42.33143	-83.04575
Dearborn Heights	42.33698	-83.27326
Columbus	39.96118	-82.99879
Qusra	32.08543	35.33005
Southern Gaza	21.28937	78.66211
@Omar_Gaza	NA	NA
the People’s Republic of China	25.7251	-80.24283
PRC	34.54002	-112.4685
Ethiopia	9	39.5
Mali	18	-2
Guinea	10.83333	-10.66667
Gabon	-1	11.75
Niger	18	9
the Central African Republic	42.46945	-98.68759
Zimbabwe	-19	29.75
the United States of America	38.97859	-76.49184
Capitol Hill	41.89314	12.483
University City	36.00153	-78.94001
Penn	33.35234	-88.63588
the Occupied Palestinian Territory	42.46945	-98.68759
Al-Quds	31.76904	35.21633
Rimal area	62.97192	21.78892
Umm al-Ghanam	32.67638	35.3912
Mount Precipice	-51.6078	-59.94888
Gilboa	41.01811	-83.92189
West Bank Bedouins	44.07346	-123.11787
Wadi al-Siq	31.9545	35.81831
Wadi Sik	15.51833	43.47819
Rimonim	31.93406	35.34091
Area B	-25.55132	-54.61622
al-Baqa	36.37051	37.5157
Ras al-Tin	25.02064	51.62745
Area C.	-25.55132	-54.61622
al-Tawani	23.261	57.54
Sair al-Ganoub	19.73693	57.68298
Ein al-Rashash	32.62899	34.94483
Mughayar al-Deir	29.18979	48.08716
Ein Samiya	51.44083	5.47778
Ma’ale Michmash	NA	NA
Area B.	-25.55132	-54.61622
Mughayar al-Deir	29.18979	48.08716
al-Farsia	34.07538	-84.29409
al-Nusira	14.6	33.35
Ain al-Shibli	31.99357	-1.86612
B’Tselem	NA	NA
Arab States	25	45
Swan Atlantic	37.2057	-76.80107
Panama	9	-80
Reunion Island	-66.16667	-66
the Swan Atlantic	-20.03085	45.695
Djibouti	11.83333	42.5
the Gaza Strip’s	61.41111	-142.025
Oman	21	57
Luxembourg	49.75	6.16667
al-Haram al-Sharif	31.67293	23.56094
Old City of Jerusalem	31.44343	-109.91424
the Noble Sanctuary	63.91732	-104.08473
Georgia	41.99998	43.4999
Illinois	40.00032	-89.25037
Brazil	-10	-55
Shofat	NA	NA
Masada	31.31561	35.35275
Iraq’s	NA	NA
Sudani	16	30
al-Sudani	29.07694	48.08389
the Kurdistan Region	44.48838	-73.24763
the Holy Land	36.14362	-5.34132
the Gulf of Aden	-33.21645	146.45597
the Arabian Sea	57.05838	-3.7259
Red and Arabian Seas	41.97117	-123.28032
Bab al-	35.26943	69.68085
Mandab Strait	4	100
Beirut’s	NA	NA
Hezbollah’s	NA	NA
Arura	9.8694	76.30498
Deir Qaddis	35.33588	40.14084
City’s Shati	NA	NA
Ubai	-16.38337	-44.85525
Dome of the Rock	-20.46667	164.21667
Mughazi	NA	NA
Shuja’iyya	NA	NA
al-Zaytoun	27.1418	-13.18797
Yabad	32.44651	35.17037
the Old City of Jerusalem	45.16002	-121.16778
Wadi al-Joz	24.94634	56.38342
Alwein	10.33333	46.91667
Old City’s	19.3	-81.11667
Halaq	31.49417	35.72389
Eyad’s	NA	NA
Balad al-Sheikh	32.65918	35.7327
the Nesher township	-33.21645	146.45597
Saasaa	NA	NA
Deir Yassin	35.33588	40.14084
Sheva	43.72861	47.02472
Saliha’s	NA	NA
Yir’on	NA	NA
Avivim	33.08892	35.47228
Saliha	33.08333	35.45
Wadi Saliha	12.06371	22.58978
the Upper Galilee Mountains	38.89428	-77.04775
Lydda	31.9467	34.8903
Ramla	31.92923	34.86563
Sadil’s	NA	NA
Western Wall	25.83945	43.24219
D.C	38.89511	-77.03637
the State of Israel	-62.20001	-58.96109
Al-Shifa	22.97478	54.19517
al-Amari	29.07694	48.08389
Barzilai	NA	NA
al-Thahiriyeh	13.25	44.08333
Ramallah’s	NA	NA
Eshel	38.5106	-1.70096
Beer Sheva	31.25181	34.7913
Ara	25.55629	84.66335
Kafr Qaddoum	36.1168	36.51522
Qadumim	NA	NA
Nabi Saleh	32.47795	69.20201
Hebrew	NA	NA
Iron Dome	-7.82463	-79.2839
@AgnesCallamard	NA	NA
the Holy See	-0.52574	166.91259
Nur Al Shams	32.31667	35.06667
Budrus	31.96687	34.99425
Aizawl	23.72894	92.71791
Manipur	25	94
Kangpokpi	25.15114	93.9695
Mizoram	23	93
Mizoram’s	NA	NA
the Kingdom of Judah	-33.21645	146.45597
the Bnei Menashe	40.11286	-74.047
Kolasib	24.22388	92.67869
Kufr Aqab	32.68527	35.80102
Faroukh	NA	NA
Central Gaza Strip	-2.02107	24.69727
az-Zawayda	25.57744	51.48306
Jubbet adh-Dhib	31.66343	35.24802
Kafr Malik	32.50666	35.05392
Megiddo	32.58563	35.18472
Betunia	31.8966	35.17048
Nairoukh	NA	NA
Shawawra	NA	NA
the Sinai Desert	-10.42172	105.67912
Israel’s Gaza	NA	NA
Bethlehem’s	NA	NA
X.	19.22364	-70.53051
Spain	40	-4
al-Karama	26.22787	50.58565
al-Maqosi	29.14045	48.04426
al-Mukhabarat	26.25722	50.61194
Nepal’s	NA	NA
Kathmandu	27.70169	85.3206
Qaryout	NA	NA
Sebastia	32.27562	35.19873
Ras al-Ain	26.14861	50.60944
Al-Shabaka	36.50237	40.74772
@USAmbIsrael	NA	NA
the United States’	34.31336	-79.63717
the State of Israel’s	37.00724	-75.98329
Golan	52.94326	17.29995
Maaleh Adumim	31.81667	35.36667
the Arab League	39.06136	-110.92072
Awarta	32.16108	35.28388
al-Tuwani	29.07694	48.08389
Marda	32.11381	35.19536
al-Mughayyer	26.25722	50.61194
Yasuf	32.10841	35.23784
Jamma’in	NA	NA
al-Taybe	24.19167	55.76056
al-Mufagara	26.25722	50.61194
Faz’a	NA	NA
Yitzhar	32.16744	35.23875
Madama	32.18588	35.23114
Urif	32.15949	35.22228
Einabus	32.14706	35.24513
Beit Furik	31.5464	34.49514
Aqraba	32.12495	35.34547
Tulkarm	32.31156	35.0269
Qadoura	NA	NA
Iran’s	NA	NA
Eshkol	31.78363	34.66178
Bandar	2.05	99.75
Marshall Islands	7.113	171.236
al-Mukha	14.54248	49.12424
Karnei Shomron	32.16667	35.08333
Sanniriya	32.12877	35.04652
Nilin	30.5663	103.642
Baqa’a	NA	NA
al-Manshiyya	26.90801	31.31041
Arroub	NA	NA
Zarqa city	34.01722	50.62333
The Land of Israel	-20.03085	45.695
Bani Suheila	31.34337	34.32337
al-Fukhari	31.29278	34.33061
the Land of Israel	-20.03085	45.695
Galilee	32.9	35.33333
the Naqab Desert	-10.42172	105.67912
Beit Jala	31.5464	34.49514
Tequa	31.63701	35.21496
South Florida	26.5	-81
Taybeh	31.9545	35.30023
East Jerusalem’s Silwan	30.42881	-87.17997
al-Bustan	29.79889	38.39599
Sheikh Jarrah neighourhood	22.473	90.335
Batn al-Hawa	26.95885	47.82225
Silwan’s Batn al-Hawa	32.07897	20.34289
Sidon	33.55751	35.37148
Tiberias	32.79221	35.53124
Shebaa Farms	38.98178	-78.07555
North Sinai	33.3577	-97.34275
Zuweid	NA	NA
Ismailia	30.60427	32.27225
Honduras	15	-86.5
Guatemala	15.5	-90.25
The Islamic Republic	42.72	-71.1925
the Bab al-	-34.43943	143.14742
the Arabian Peninsula	-64.483	-63.15
the Horn of Africa	38.97859	-76.49184
Bahamas	25.04082	-77.37122
Eilat	29.55805	34.94821
Shaaf	32.61949	36.84962
Karamah	31.94843	35.58531
Abu Dhabi	24.45118	54.39696
Kerala	10.41667	76.5
Stockholm	59.32938	18.06871
Marseille	43.29695	5.38107
New Zealand’s	-42	174
Bab el-Mandeb Strait	12.60416	43.33557
Cyprus’s	NA	NA
Ayia Napa	34.98213	34.00183
Larnaca	34.9221	33.62794
Pournara	38.584	21.63503
Middle Eastern	33.13906	35.85869
sub-Saharan Africa	1.5509	25.63297
the Occupied Territories	-35.2715	147.07532
Shila	36.03997	44.60378
Shila’s	NA	NA
Baltimore	39.29038	-76.61219
Northern Gaza	54.77535	-105.64453
@NRC_Egeland	NA	NA
Al-Bureij	31.43944	34.40306
Hollywood Beach	13.77746	-60.90493
Lydd	50.95132	0.90654
Umm al-Fahm	32.51725	35.15349
Hirak Haifa	59.89014	-96.17288
Shefa	-17.5894	168.36731
Amr	14.44238	43.903
Baqa al-Gharbiya	32.41806	35.04312
the Occupied Palestinian Territories	39.68423	-84.0366
Beer al-Sabe	31.25181	34.7913
Rahat city	44.08054	-103.23101
Palestine’s	NA	NA
Humsa al-Baqai’a	22.73867	49.20653
Humsa Al Bqai’a	33.68889	44.38944
Humsa	31.53255	34.98561
Khirbet Humsah	32.2345	35.49117
Jordan Valley	42.97404	-117.0543
al-Shati	29.07694	48.08389
Rmeish	NA	NA
Temple Mount	34.10723	-118.05785
Atarot	31.86667	35.21667
Beit Daras	32.49728	35.49632
Yaffa	32.05043	34.75224
Tabiyya	NA	NA
Isdud	31.75	34.66667
al-Sawafir	13.95118	44.11634
Gaza’s Bureij	NA	NA
Qarrara	NA	NA
Chaman	36.81296	43.17573
Top United States	9.5476	138.11583
Kafr Ein	32.04758	35.12038
the Islamic Republic of Iran	42.46945	-98.68759
Nusair’s	NA	NA
Hosam Salem	31.95717	-9.38555
Austria’s	NA	NA
Arabian Sea	25	45
Hind	52.21684	-67.33211
Hind’s	NA	NA
Atlit	32.68889	34.94236
Caesarea	38.73222	35.48528
Beeri	31.42426	34.49163
Beit El	31.94153	35.22241
Ramat Gan	32.08227	34.81065
Ahli	58.86944	23.54917
@m7mdkurd	NA	NA
Kerem Al’ajoni	31.22777	34.28459
@edokonrad	NA	NA
Qibli	35.78333	39.31667
Jabaliya	31.5272	34.48347
Jaba	9.48185	8.04372
WestBank	49.83521	-119.62532
@RZabaneh	NA	NA
Bosnia-Herzegovina	44.25	17.83333
Srebrenica	44.10748	19.29669
Grand Central	34.0339	-117.31365
NoraInPalestine	NA	NA
@rafaelshimunov	NA	NA
the Beit Hanoun	57.03558	-3.68895
@KamalaHarris	NA	NA
Duma	33.57175	36.4027
Abu Falah	24.45118	54.39696
Ein Siniya	51.44083	5.47778
USA	39.76	-98.5
Shaboura	NA	NA
Egypt’s Sinai Peninsula	NA	NA
Jerusalem’s	NA	NA
a West Bank	47.84864	88.13361
Huwarah	32.15242	35.25659
@Yesh_Din	NA	NA
Dumaidi	NA	NA
MoTaz	NA	NA
@azaizamotaz9	NA	NA
Shibli-Umm al-Ghanam	8.85	27
Jalama	12.05	-14.55
Herzegovina	43	17.83333
Recoleta	-25.29698	-57.58778
Mekorot	NA	NA
Lisbon	38.71667	-9.13333
Rio Negro	-40	-67
San Telmo	0.33756	6.7299
Seldowitz	NA	NA
NYC	40.71427	-74.00597
Mukhabarat	NA	NA
Manhattan’s Upper East Side	-40.62883	175.47841
EcoPeace Middle East	47.68239	-122.29501
Matkal	NA	NA
Sur Baher	31.73678	35.23343
Samidoun	NA	NA
#Al_Karama	NA	NA
Turkiye	39	35
Tanzania	-6	35
Tulkarem’s	NA	NA
Allah’s	NA	NA
Jehad’s	NA	NA
Anabta	32.30792	35.11693
Medan	3.58333	98.66667
Al-Jalaa	32.75718	12.37633
Abu Akleh’s	27.93043	30.83826
Sheikh Zuwayed	35.25407	47.68018
Suad al-Bis	27.66194	40.6
Cancun	21.17429	-86.84656
Muwasi	NA	NA
Beersheba	31.25181	34.7913
Ocean Jazz	-10	70
Philippines	13.40882	122.56155
the Cape of Good Hope	37.00724	-75.98329
North Korea	40	127
Eurasia	87	80
Putin’s	NA	NA
Leningrad	59.93863	30.31413
St Petersburg	59.93863	30.31413
Beit Duqqu	32.96464	35.38152
Eviatar	NA	NA
Givat Eviatar	32.07817	34.84858
Nitzana	NA	NA
Al-Awja	31.95069	35.46756
az-Zarnug	25.57744	51.48306
Negev) Desert	30.5	34.91667
al-Furah	11.73292	28.35786
Rahat	31.39547	34.75699
Umm al-Hiran	25.56473	55.55517
Hiran	4	45.5
Jabal Qbeibat	32.23545	35.26957
Sunak’s	NA	NA
@RepAndreCarson	NA	NA
Olney	39.15316	-77.06692
Khan Younis city	31.34018	34.30627
Salhi	27.02942	84.3824
East Berlin	51.55445	0.12529
Gorki	56.32867	44.00205
Great Britain	54	-2
Denkverbot	NA	NA
Gulf of Aden	12	48
Red and Arab Seas	41.14096	-123.49978
Eastern Mediterranean	39.42657	41.23464
Mis al-Jabal	23.63917	58.50948
Ita al-Sha’ab	30.88697	30.66724
Wadi Hamool	17.33097	53.68795
Tyre	33.27333	35.19389
North	-4	-60
Rafah’s	NA	NA
Rishon LeZion	31.97102	34.78939
Ithna	NA	NA
MENA	45.50032	-69.24977
a United States	47.84864	88.13361
Bahrain’s	NA	NA
Western Sahara	10.01211	105.83224
Uttar Pradesh	27.25	80.75
Azamgarh	26.06832	83.18358
Saraimeer	NA	NA
Jhelum river	32.8205	73.356
Hares	34.56917	59.90091
Souf’s	NA	NA
Yafa	32.05043	34.75224
Kfar Saba	32.175	34.90694
Azzun	32.17496	35.05752
Salfi	23.2475	58.55031
Bruqin	32.07216	35.09943
New York State	40.71427	-74.00597
Havat Yehuda	32.57247	35.55149
al-Zawaida	33.25682	-8.50882
Jebbayn	NA	NA
Aita al-Shaab	33.09707	35.33669
Rantisi	NA	NA
Sinai Peninsula	29.5	34
@JosepBorrellF	NA	NA
East Jerusalem’s Sheikh Jarrah	4	-58.16667
Jalame	35.32321	36.48851
Alma ash-Shaab	33.10417	35.18194
Hanita	33.08746	35.17364
Zawata	32.24611	35.2265
Jihad’s	NA	NA
the United States	36.61784	-89.2759
Global South	-34.98943	138.51674
Bangladesh	24	90
Comoros	-12.23333	44.44553
Africa4Palestine	NA	NA
@RepRashida	NA	NA
Old City	15.3551	44.2145
Shujaiya	NA	NA
Selma	32.40736	-87.0211
Pakistan’s Balochistan province	41.22825	33.15674
Iran’s Sistan-Baluchestan province	NA	NA
Rask	29.49114	57.18543
Sistan-Baluchestan	28.5	60.5
the Persian Gulf	27	51
Balochistan	28.47849	65.64355
Burlington, USA	44.47588	-73.21207
Dresden	51.05089	13.73832
Ukraine’s Mariupol	NA	NA
Taichung	24.1469	120.6839
China’s east coast	9.7452	80.033
the Taiwan Strait	53.97139	-101.09111
Taipei	25.05306	121.52639
South	33.45876	-90.15081
Southeast Asia	21.28937	78.66211
OId City	41.43395	-79.70644
ElSayed	NA	NA
Red Crescent	52.09952	-113.79089
Beit Sahour	31.5353	34.53579
Marlboro	42.34593	-71.55229
Jacir	-12.78904	-74.34885
Aranha	-15.8706	-56.71058
Lubban	18.33644	121.43082
Sharqiya	30.7	31.8
Tuesday’s	NA	NA
Eli	15.5517	39.98717
Mideast	NA	NA
Har Homa	32.9549	35.37325
Hapoel Tel Aviv	21.66667	-15.41667
Wembley	55.15662	-119.14064
@lucyfrazermp	NA	NA
Atletico Madrid	40.415	-3.69824
@JamesPiotr	NA	NA
Area A	39.80276	-105.08748
Royal Oak	42.48948	-83.14465
Stevens’	NA	NA
Levin’s	NA	NA
Congo	-1	15.5
South America	-14.60485	-57.65625
Qibya	31.97734	35.00984
Marjaajoun	NA	NA
Kafr Qaddum	32.11406	34.97624
Beit Dajan	32.49728	35.49632
@ionebelarra	NA	NA
Missouri	38.25031	-92.50046
Supernova	NA	NA
South of Gaza Strip	6.83917	116.45508
Kfar Aza	32.175	34.90694
the Bab-el-Mandeb Strait	31.24938	-97.53052
Dhamar	14.54274	44.40514
al-Bayda	13.98523	45.57272
the Bab al-Mandeb Strait	31.24938	-97.53052
Jeddah, Saudi Arabia	NA	NA
Augusta Victoria	39.66853	-117.71567
Wednesday’s	NA	NA
Nice	43.70313	7.26608
Dien Bien Phu	21.38602	103.02301
Vukovar	45.35161	19.00225
Grozny	43.31195	45.68895
Fallujah	33.34913	43.78599
7amleh	NA	NA
Kamikawa	43.59432	142.83737
Kirkuk	35.46806	44.39222
Muwa’imah Beach	-36.83659	174.43298
Suha’s	NA	NA
Hiroshima	34.4	132.45
England’s	NA	NA
the Byzantine Empire	-20.5493	130.3472
Zaatara	NA	NA
Asira al-Qibliya	32.17842	35.21569
Har Bracha	30.49986	34.63077
Aqaba	29.52667	35.00778
East Asia	32.24997	114.60938
Syria’s Golan Heights	36.28562	-92.26543
Bethany	-26.49958	17.1599
Shabab Rafah	33.748	46.6376
Balah	36.2283	36.91574
Wadi	33.35608	6.86319
Kaaba	21.42306	39.82639
Mecca	21.42664	39.82563
the Mount of Olives	-33.21645	146.45597
Mount of Olives	31.78024	35.24646
Shiloh	39.459	-75.29908
Alma Shaab	33.10417	35.18194
Twani	NA	NA
Haggai Matar	37.2	42.08333
@Ha_Matar	NA	NA
Tuwani	NA	NA
Giv’at Ze’ev	NA	NA
Adana	36.98615	35.32531
Turkey’s	NA	NA
Kahramanmaras	37.5847	36.92641
Kayseri	38.73222	35.48528
Van –	48.00629	6.7174
Manila	14.6042	120.9822
Harare	-17.82772	31.05337
Quezon City	14.6488	121.0509
the Gaza strip	-26.25	28
al-Ain	24.19167	55.76056
Umm al-Sharayet	25.56473	55.55517
al-Bireh	47.62417	7.23954
Pacific Island	8.62	-170.11
Nauru	-0.517	166.933
Palau	7.503	134.621
Jewish States	48.13739	-52.88555
Mauritius	-20.3	57.58333
#Israel	NA	NA
Shanghai	31.22222	121.45806
Chengdu	30.66667	104.06667
Muhareb	NA	NA
Maale Adumim	30.90668	35.13165
Mattat	33.04134	35.35858
Yabous	35.39533	6.64024
Tel el-Hawa	32.25327	34.87034
Bab el-Mandeb strait	12.60416	43.33557
Kenya	1	38
Zambia	-14.33333	28.5
Ghana	8.1	-1.2
the Middle  East	-10.42172	105.67912
Chad	15	19
Nigeria	10	8
Cameroon	6	12.5
Togo	8.66667	1.08333
@PowerUSAID	NA	NA
Kentucky	38.20042	-84.87762
Jarara	34.38163	73.7602
Hamad	31.40307	48.45684
Gaza’s Jabalia	NA	NA
Efrat	31.65305	35.15013
Maccabim	31.89385	35.01504
Beit Sira	32.49728	35.49632
Modiin	31.89385	35.01504
Occupied Palestinian Territories	31.92157	35.20329
the Republic of Ireland	45.16002	-121.16778
the Shebaa Farms	-33.21645	146.45597
West Beirut	51.48653	-0.40583
Beddawi	34.44694	35.86778
Abu Swareh’s	27.93043	30.83826
Al Aqsa Mosque	31.77614	35.23549
Al Haram	29.20459	42.82874
Al Sharif#Jordan	44.85919	0.86753
the Hashemite Kingdom	-20.5493	130.3472
@LinaAbuAkleh	NA	NA
Haram al-Sharif	27.16619	37.6193
Mandatory Palestine	NA	NA
Ein Beit al-Ma’	32.94137	35.39639
Paradise	39.75961	-121.62192
Beruit	NA	NA
Itochu’s Tokyo	NA	NA
US’ anti-China	30.50708	69.02647
Columbia’s Tel Aviv	NA	NA
Palestine🇵🇸	NA	NA
Atlantic	10	-25
Thailand	15.5	101
Jabal al-Mukaber	36.56755	42.46273
Hizma	31.83337	35.26315
Bennett’s	NA	NA
Sharjah	25.33737	55.41206
Montenegro	42.75	19.25
Tayr Debba	33.27444	35.27861
@WCKitchen	NA	NA
Puerto Rico	18.24829	-66.49989
Moldova	47.25	28.58333
the Dominican Republic	-35.2715	147.07532
Cuba	21.93384	-78.75425
The Bahamas	25.04082	-77.37122
Cambodia	13	105
Kharkiv	49.98081	36.25272
Quebec City	46.81228	-71.21454
Scarborough	54.27966	-0.40443
Ra’am’s	NA	NA
Banat’s	NA	NA
Umm el-Fahem	25.41524	51.40647
Amnesty’s Middle East	42.8487	-70.92867
Naksa	22.48321	89.28142
NikkiHaley	NA	NA
Bab al-Asbat	34.97784	-1.97899
the Holy City	34.74257	-98.59034
the Dome of the Rock	44.48838	-73.24763
a Greater Land of Israel	43.96667	116.03333
Amal’s	NA	NA
the whole Gaza Strip	41.26873	-70.13279
Abu Akleh	16.96887	42.83251
@DrHananAshrawi	NA	NA
Deir Sharaf	35.33588	40.14084
Mount Sabih	-54.44611	-36.52778
Yemen’s coast	NA	NA
Malala	0.76676	120.54368
@SusanSarandon	NA	NA
Kochav Yaakov	31.88102	35.24384
Halabja	35.17778	45.98611
Katzir	NA	NA
Greater Israel	8.23324	32.13501
Western Samaria	25.83945	43.24219
Kalandia	31.86667	35.21667
The Golan Heights	40.11286	-74.047
the State of Israel	-62.20001	-58.96109
the Gaza Strip	NA	NA
Manchester City	42.99564	-71.45479
@bgraulau	NA	NA
@AaronBastani	NA	NA
@KhaledBeydoun	NA	NA
PALESTINE	31.92157	35.20329
@OnlinePalEng	NA	NA
@MarkSeddon1962	NA	NA
Denford	52.3783	-0.54399
@RomeoKokriatski	NA	NA
@SenTomCotton	NA	NA
Warasneh	NA	NA
al-Shuyukh	31.575	35.14942
@LindseyGrahamSC	NA	NA
al-Shifa Hospital	33.08568	35.32921
Karama	-22.45667	-68.92371
al-Hadhrat’s	13.41667	34.63333
Khirbet Zanuta	32.32355	36.7114
A’Nizan	NA	NA
Khirbet Zanuta’s	32.32355	36.7114
the Sinai peninsula	-64.483	-63.15
the South Hebron Hills	39.79178	-75.46631
Susiya	NA	NA
Jinba	40.2761	141.31621
Um al-Khair	25.56473	55.55517
Tuba	14.85	-15.88333
Sfai	25.1101	56.1415
Yatta	31.4459	35.09443
Fokhari	NA	NA
Greater Syria	-32.97516	-60.68189
Addis Ababa	9.02497	38.74689
MiddleEast	NA	NA
Virginia Gamba	36.85293	-75.97799
New Aleppo	29.95465	-90.07507
Abu Dhabi’s	24.45118	54.39696
Sudan’s	NA	NA
Al-Nasr	26.14306	50.61028
Al-Bawab	29.20459	42.82874
North Sumatra	2	99
the Emirate of Transjordan	38.88733	-77.01081
Sumatra	0	102
Bangkok	13.75398	100.50144
Black Sea	39.79693	-105.49389
North Gaza	55.29703	-1.7289
Jabalia al-Balad	28.65972	48.38667
Gaza’s Mediterranean	NA	NA
Southern Rimal	21.28937	78.66211
al-Darraj	25.17151	51.60337
al-Tuffah	23.76667	22.21667
#Gaza city	NA	NA
Gaza’s Old City	35.07179	-81.64982
St Porphyrius	59.93863	30.31413
al-Zahra	29.3375	47.65806
al-Mughraqa	30	5
al-Bureij	31.43944	34.40306
al-Musaddar	26.25722	50.61194
al-Ma’ani	14.36972	48.33722
al-Qarara	31.37389	34.34085
Abasan al-Jadida	31.31913	34.34005
Khuza’a	NA	NA
Umm al-Kilab	25.56473	55.55517
al-Qarya al-Suwydiya	30.50316	47.81507
Mosul	36.335	43.11889
Karish	13.98083	45.76301
Chile’s	NA	NA
Kokab	9.85989	22.05719
@NadiSaadeh	NA	NA
@Amanykhalefa	NA	NA
Jiljilya	NA	NA
Fukhari, Gaza Strip	31.29523	34.33315
Gaza’s Mediterranean coast	NA	NA
@RoKhanna	NA	NA
Kefar Sava	32.175	34.90694
Rehovot	31.89421	34.81199
Tallahassee	30.43826	-84.28073
al-Sawiya	17.88251	53.05786
Mawasi	32.48133	68.85529
Fukhari	NA	NA
Qalqiya	NA	NA
Almadhoun	NA	NA
Judaise Jerusalem	NA	NA
Tamar	32.13291	54.59783
the River Tiber	31.28922	-87.96736
Allenby	48.91693	-82.73311
Liverpool	53.41058	-2.97794
@MoSalah	NA	NA
Adnan’s	NA	NA
Arrabeh	33.7315	51.077
Israel’s Ramla	NA	NA
Palmachim	31.93334	34.70596
the Sea of Oman	-10.42172	105.67912
West Asia	25.83945	43.24219
Gaza Strip	NA	NA
Crimea	45	34
Uman	48.7501	30.21944
Nachman’s	NA	NA
Berdyansk	46.75578	36.78815
al-Yamun	32.48563	35.23011
Tammun	32.28347	35.38367
Eand	NA	NA
El Hilweh	38.27299	-0.5397
Acre	-9	-70
Hawaii	20.78785	-156.38612
the Hawaiian Kingdom	-20.5493	130.3472
Bloomsbury	51.52228	-0.12252
Birzeit	31.96959	35.19408
Canterbury	51.27904	1.07992
the Middle Ages	34.31336	-79.63717
Mount Lebanon	61.02194	-140.46277
the Ramallah Municipality	42.46945	-98.68759
Shireen’s	NA	NA
UK’s southern coast	51.33333	-1.5
@WFP_MENA	NA	NA
East Jersusalem	37.02332	-77.36954
pre-Nakba Jerusalem	48.88549	2.40422
pre-Nakba Palestine	11.36667	105.46667
al-Arroub	29.20459	42.82874
Real Madrid	18.08665	-66.56061
