 Name	Latitude	Longitude
West Bank	19.38197	-81.39281
Dura	28.8	49.23333
Hebron	31.52935	35.0938
Tulkarem	32.31156	35.0269
Gaza Strip	31.50161	34.46672
Israel	31.5	34.75
Nablus	32.22111	35.25444
Red Sea	52.26682	-113.802
United States	39.76	-98.5
United Kingdom	54.75844	-2.69531
Yemen	15.5	47.5
Iran	32	53
Gaza	31.50161	34.46672
US	49.1	1.96667
Sanaa	15.35472	44.20667
Saudi Arabia	25	45
Aden	12.77944	45.03667
Tel Aviv	32.08088	34.78057
UK	54.75844	-2.69531
Palestine	31.92157	35.20329
Africa	7.1881	21.09375
Marib	15.6213	46.0111
Middle East	33.13906	35.85869
United Arab Emirates	23.75	54.5
Turkey	39	35
Jordan	31	36
Qatar	25.5	51.25
UAE	12.26667	-14.7
Charleston	32.77632	-79.93275
South Carolina	34.00043	-81.00009
Gaza City	31.50161	34.46672
Doha	25.28545	51.53096
Hong Kong	22.27832	114.17469
South Africa	26.5	-81
State of Palestine	30.25	79.25
Lebanon	33.83333	35.83333
Hague	52.51118	-106.41859
Pretoria	-25.74486	28.18783
Uganda	1.25	32.5
China	35	105
Russia	60	100
Kuwait	29.5	47.75
Ukraine	49	32
Canada	60.10867	-113.64258
Montreal	45.50884	-73.58781
Milton Ontario	52.04172	-0.75583
Jabalia	31.5272	34.48347
Ottawa	45.41117	-75.69812
Egypt	27	30
Rafah	31.29722	34.24357
Toronto	43.70643	-79.39864
Calgary	51.05011	-114.08529
Afghanistan	33	66
Austria	47.33333	13.33333
Australia	-25	135
Finland	64	26
Germany	51.5	10.5
Italy	42.83333	12.83333
Japan	35.68536	139.75309
Netherlands	52.25	5.75
Iceland	65	-18
Sweden	62	15
Switzerland	47.00016	8.01427
Romania	46	25
Washington DC	47.50012	-120.50147
Jerusalem	31.76904	35.21633
Gretna	41.14083	-96.23974
Louisiana	31.00047	-92.0004
New Orleans	29.95465	-90.07507
East Jerusalem	31.78336	35.23388
Scotland	56	-4
Ireland	53	-8
Norway	62	10
Syria	35	38
Jenin	32.45943	35.30086
Ramallah	31.89964	35.20422
Abwein	32.03144	35.19992
Qalqilya	32.18583	35.06583
Jericho	31.86667	35.45
Bahrain	26.03333	50.55
Denmark	56	10
New Zealand	-42	174
South Korea	36.5	127.75
Spain	40	-4
France	46	2
Belgium	50.75	4.5
Czech Republic	49.75	15
Hungary	47	20
Berlin	52.52437	13.41053
Paris	48.85341	2.3488
Slovenia	46.08333	15
Brussels	50.85045	4.34878
Flanders	51	4.5
Wallonia	50.5	4.75
Ein alHilweh	32.62899	34.94483
Basel	47.55839	7.57327
Ofer	32.62257	34.98302
Jordan Valley	42.97404	-117.0543
Area C	-25.55132	-54.61622
Kadri	3.34322	30.99265
 Farsiya	35.95584	42.96643
Makhoul	33.40788	37.3558
Tubas	32.32091	35.36989
Areas A	-16.39889	-71.535
Beirut	33.89332	35.50157
Washington	47.50012	-120.50147
Kerman	30.28321	57.07879
Islamic Republic	32	53
Nur Shams	51.1801	71.44598
Naqoura	33.11806	35.13972
Deir elBalah	35.33588	40.14084
Nuseirat	31.44861	34.3925
DC	38.91706	-77.00025
America	26.0173	-104.41406
Strip	-27.51667	27.05
West	42.77268	-116.9579
London	51.50853	-0.12574
Tel Israel	32.25327	34.87034
Myanmar	21	96
Kuala Lumpur	3.1412	101.68653
Malaysia	2.5	112.5
Indonesia	-5	120
Jakarta	-6.21462	106.84513
Johannesburg	-26.20227	28.04363
Vienna	48.20849	16.37208
Amman	31.95522	35.94503
Manchester	42.99564	-71.45479
India	22	79
Hyderabad	17.38405	78.45636
Colombo Kollupitiya	-76.51667	-144.73333
Khan Younis	31.34018	34.30627
Abudaqa 41.514  33.505	 
Dahiyeh	33.8533	35.509
Beirut Shatila	33.82093	35.48839
Earth	0	0
Lama Khater	9.55111	1.18611
Kiryat Arba	33.20733	35.57212
Britain	54	-2
Republic of Yemen	24	121
Hodeidah	14.79781	42.95452
Saada	16.94021	43.76393
Taiz	13.57952	44.02091
Hajjah	15.69425	43.60582
Europe	48.69096	9.14062
Asia	29.84064	89.29688
Sudan	16	30
Iraq	33	44
Syria Aleppo	33.26954	35.19626
Mariupol	47.09514	37.54131
Dublin	53.33306	-6.24889
Moscow	55.75222	37.61556
Global South	-34.98943	138.51674
Hezbollah	29.8628	56.8848
Arura	9.8694	76.30498
Deir Qaddis	35.33588	40.14084
El Arish	31.13159	33.79844
Hamas	51.68033	7.82089
Aizawl	23.72894	92.71791
Manipur	25	94
Kangpokpi	25.15114	93.9695
Mizoram	23	93
Kingdom of Judah	20.75028	-156.50028
Bnei Menashe	32.08074	34.8338
Kolasib	24.22388	92.67869
Bethlehem	40.62593	-75.37046
Shawawra	31.444  35.166
Tehran	35.69439	51.42151
X	19.22364	-70.53051
Spain	40	-4
Madrid	40.4165	-3.70256
Oman	21	57
Gulf	-7.7246	145.08545
Bani Suheila	31.34337	34.32337
 
Damascus	33.5102	36.29128
Baghdad	33.34058	44.40088
Near East	17.97421	-76.80663
Serbia	44.81892	20.45998
 
Srebrenica	44.10748	19.29669
Algeria	28	3
State of Israel	20.5	84.41667
Gaza Deir elBalah	35.65832	65.18016
 
 
Yugoslavia	44	19.75
Ocean Jazz	-10	70
Gulf of Aden	12	48
Philippines	13.40882	122.56155
Cape of Good Hope	37.52777	-108.02785
Pakistan	30	70
Erbil	36.19117	44.00943
Pakistan Balochistan province	41.22825	33.15674
Iran SistanBaluchestan province	32	53
Rask	29.49114	57.18543
 
Strait of Hormuz	26.56667	56.25
Persian Gulf	27	51
Davos	46.80429	9.83723
Balochistan	28.47849	65.64355
BabelMandeb Strait	6.8127	122.0236
Dhamar	14.54274	44.40514
alBayda	18.86139	42.07078
Arabian Sea	25	45
Bab alMandeb Strait	30.73222	56.7175
alKarama                25.244          55.3049
Yemen coast	12.79891	45.03313
Maghazi	31.42234	34.38501
Manchester City	42.99564	-71.45479
Barcelona	41.38879	2.15899
Chile	-30	-71
Mexico	23	-102
Santiago	-33.45694	-70.64827
Bangladesh	24	90
Bolivia	-17	-65
Comoros	-12.23333	44.44553
Djibouti	11.83333	42.5
Haifa	32.81841	34.9885
Caesarea	38.73222	35.48528
Kefar Sava	32.175	34.90694
Rehovot	31.89421	34.81199
Beersheba	31.25181	34.7913
Khan Yunis	31.34018	34.30627
Mawasi	32.48133	68.85529
Dearborn	42.32226	-83.17631
Michigan	44.25029	-85.50033
Chicago	41.85003	-87.65005
New Delhi	28.62137	77.2148
India Basmati	22	79
North America	46.07323	-100.54688
North Africa	32.95337	9.97559
alShifa	 31' 16.14	
Welch	30.23604	-92.82265
Kampala	0.31628	32.58219
Peru	-10	-75.25
Colombia	4	-73.25
South Sudan	7.5	30
Swaziland	-26.5	31.5
Lisbon	38.71667	-9.13333
Portugal	39.6945	-8.13057
Kiryat Shmona	33.20733	35.57212
Blue Line	40.88291	-123.98395
Singapore	1.36667	103.8
Mediterranean	35.78	19.33
Indian Ocean	-10	70
Bahaa elDin Abu Ras	33.53699	36.31307
Bahaa	NA	NA
Marshall Islands	7.113	171.236
Morocco	28.5	-10
Rabat	34.01325	-6.83255
Western Sahara	10.01211	105.83224
Marrakesh	31.63416	-7.99994
Maghreb	30	5
 
Gilo	-7.45	-40.83333
Har Gilo	31.72119	35.1724
Al Rayyan	25.29194	51.42444
Wadi Gaza	15	21.5
Bosnia	44	18
Sri Lanka	7.75	80.75
Republic of South Africa	7	21
PA	12.66667	-3.95
Oslo	59.91273	10.74609
Cairo	30.06263	31.24967
New York	40.71427	-74.00597
Belarus	53	28
Ebel elSaqi	33.35667	35.62639
Entebbe Uganda	0.04239	32.4435
Sierra Leone	8.5	-11.5
DRC	-17.98192	20.76806
 
Namibia	-22	17
Shadi	34.84836	60.42347
Khreis	25.05944	48.06389
Northern Gaza	54.77535	-105.64453
Malta	35.91667	14.43333
Gulf of Oman	8.5	79
Ankara	39.91987	32.85427
Aqaba	29.52667	35.00778
California	37.25022	-119.75126
Panjgur	26.75	64
SistanBaluchestan province	28.5	60.5
Islamabad	33.72148	73.04329
Islamic Republic of Iran	32	53
Texas	31.25044	-99.25061
Republic of Korea	24	121
Libya	28	17
Kosovo	42.58333	20.91667
Sabra	34.83042	-1.547
Shatila	42.65879	45.15632
Kyiv	50.45466	30.5238
Somalia	6	48
Yemen Red Sea	12.79891	45.03313
Rawaa	34.4784                  41.9166
alMawasi district	14.3656	44.7778
Cameroon	6	12.5
alAhli	 21.5672            39.1737
Egypt Sinai Peninsula	31.19518	29.90976
Philadelphi	40.527	75.2336
Karem Abu Salem	30.486	31.60823
Kerem Shalom	31.22777	34.28459
Greece	39	22
Dubai	25.07725	55.30927
Bab alMandeb	12.60416	43.33557
Yemen southern coast	12.79891	45.03313
Riyadh	24.68773	46.72185
Yaroun	33.08028	35.4225
Lebanon Nabatieh	37.83451	-85.7319
Yiron	33.07757	35.4546
Avivim	33.08892	35.47228
Israel Goren	41.68181	-70.27889
Herzegovina	43	17.83333
Montenegro	42.75	19.25
Silicon Valley	37.37	-122.04
Beit Shemesh	31.73072	34.99293
Santa Clara	22.40694	-79.96472
Moldova	47.25	28.58333
Bern	46.94809	7.44744
Zurich	47.36667	8.55
Netivot	31.42305	34.58911
Khirbet Selm	33.22931	35.42407
Bint Jbeil	33.11944	35.43333
Ibil El Saqi	33.35667	35.62639
alTawil	 29.1927	39.8879
alKhader	31.6941	35.1669
Bekaa Valley	33.83333	36
Litani River	3.3	-54.1
alMazraa Asharqiya	 32.0002	35.2815
Harvey	41.61003	-87.64671
Tawfiq	33.01842	44.38071
New York City	40.71427	-74.00597
Middle East Eye	33.13906	35.85869
Al Maniya	41	20
WestBank	49.83521	-119.62532
Alaska	64.00028	-150.00028
South America	-14.60485	-57.65625
AsiaPacific	-6.1647	 155.2506
Golan Heights	32.90485	35.80725
Crimea	45	34
South China Sea	51.53782	0.71433
Vietnam	16.16667	107.83333
Kashmir	30.33315	63.19089
Darby Nakba	46.0227	-114.17814
Gaza strip	31.50161	34.46672
NaksBilal	26.6827	          88.2200
Beit Lahiya	31.5464	34.49514
alMazraa	32.0002	   35.2815
Mediterranean Sea	35.78	19.33
Ajaq	35.64005	48.84628
Silwad	31.97625	35.2613
Ras Issa	34.11528	35.72278
Hodeidah province	20.75	-75.91667
Rohtak	28.89447	76.58917
Haryana	29.25	76.33333
Uttar Pradesh	27.25	80.75
Lucknow	26.83928	80.92313
UP	43.62841	6.22477
Bihar	25.75	85.75
West Bengal	19.38333	-71.21667
Benarasiyaa	 32.2300	 35.2480
Haryana Panipat	29.25	76.33333
Thailand	15.5	101
Middle Eastern	33.13906	35.85869
Haryana Jind	29.25	76.33333
Palestinian Territories	31.92157	35.20329
Kan	12.00012	8.51672
West Jerusalem	31.78199	35.21961
Bab al	35.26943	69.68085
Mandeb Strait	4	100
Munich	48.13743	11.57549
Sidon	33.55751	35.37148
Salameh	34.74384	59.97553
Tunisia	34	9
Beit Hanoon	31.5353	34.53579
La France	45.20507	5.74629
Eurasia	87	80
Heliopolis	36.50361	7.44278
Levant	34	36
Gaza City Zeitoun	41.72621	-72.44008
Old City of Gaza	38.53998	-109.49567
Mecca	21.42664	39.82563
Gaza Daraj	31.50161	34.46672
AlMasjid alOmari alKabir	35.13444	36.74545
Byzantium	41.01384	28.94966
Via Maris	47.87844	27.16671
Zeitoun	34.06222	35.68528
Anthedon	38.49842	23.44886
Tida	31.24415	30.83845
Tell elAjjul	36.53984	40.61373
Calves Hill	42.27426	-71.32284
Cyprus	35.00304	32.98791
Daraj	33.24567	59.54541
 
Seychelles	-4.58333	55.66667
Bab alMandeb strait	30.73222	56.7175
Maldives	3.2	73
Columbia	4	-73.25
Istanbul	41.01384	28.94966
Crete	35.15585	24.89502
Bureij	31.43944	34.40306
alMahatta	31.9636          35.9332
Mozambique	-18.25	35
Bulgaria	42.66667	25.25
Al Jazeera	14.6	33.35
Idlib	35.93062	36.63393
Detroit	42.33143	-83.04575
Southeast Michigan	43.96102	-83.71087
Arab America	25	45
Jarrah	24.05	54.1
Wayne County	-36.75	175
Minnesota	46.25024	-94.25055
Des Moines	41.60054	-93.60911
Iowa	42.00027	-93.50049
Cedar Rapids	42.00833	-91.64407
Iowa City	41.66113	-91.53017
South Asia	21.28937	78.66211
Florida	28.75054	-82.5001
New York Ellis Island	40.71427	-74.00597
Ohio	40.25034	-83.00018
Aroura	38.92219	-111.93409
Maghazi Roads	43.84258	-68.88115
Deir alBalah	31.41834	34.34933
Hashemite Kingdom of Jordan	31	36
Dahiya	8.0264	80.533
Jamaa Islamiya	35.46804	-5.70106
Geneva	46.20222	6.14569
Gaza city	31.50161	34.46672
Ashdod	31.79213	34.64966
Mackinac Island	43.68897	-70.2331
Great Lakes	26.50687	127.94581
Lake Michigan	44.00778	-86.75698
Beit Nabala	31.5464	34.49514
Syria Damascus	33.26954	35.19626
Borj el Barajneh	33.84347	35.49874
West Beirut	51.48653	-0.40583
Beirut Hamra	33.89332	35.50157
Hamra	31.81088	-8.27151
West Beirutis	19.38333	-71.21667
East Beirut	37.02332	-77.36954
Israel Haifa	41.68181	-70.27889
Estonia	59	26
Bab elMandeb strait	12.60416	43.33557
Southern Red Sea	21.28937	78.66211
Africa Cape of Good Hope	18.31281	-4.83398
Eastern Mediterranean	39.42657	41.23464
BabelMandeb strait	6.8127	122.0236
Eilat	29.55805	34.94821
Dead Sea	44.86777	-73.62391
Eastern Mediterranean region	39.42657	41.23464
Hamoud	15.64004	-11.51864
Rashidiya	25.22499	55.38947
Maroun El Ras	33.10381	35.4444
Miraj	16.8671	74.70146
Tal alHawa	-36.72494	-73.11684
Gisha	-1.744	29.9586
Bani Naim	15.88333	43.78333
Raanana	32.1836	34.87386
Sderot	31.525	34.59693
Nir Am	31.51959	34.58006
Mefalsim	31.50125	34.5637
Hanita	33.08746	35.17364
Mattat	33.04134	35.35858
Adamit	33.07971	35.21103
Zarit	33.09955	35.2889
Malkia	60.75482	24.06197
Jordan River	31	36
Alborz	36.01117	50.80956
Southern Africa	-27.11781	22.28027
Venezuela	8	-66
Hormuz	27.5026	54.2839
Arabian Gulf	26.35058	50.16805
Kanaker	40.22302	44.53986
Sarit	35.47569	71.45229
Aleppo	36.20124	37.16117
Gazas	-23.5	33
Entebbe	0.05621	32.47949
Central Gaza Strip	-2.02107	24.69727
Syria Golan Heights	35	38
Kurdistan	37	44
Panjgur Pakistan Balochistan province	48.11313	16.86215
Walla	-2.85662	33.32102
Rwanda	-2	30
East Timor	-8.83333	125.75
Kabul	34.52813	69.17233
azZahra	19.11437	41.91694
Hamad	31.40307	48.45684
State of Qatar	25.5	51.25
Melbourne Australia	-37.67333	144.84333
Melbourne	-37.814	144.96332
Sandridge Beach	-37.83931	144.91747
ZIM Ganges	45.06873	-83.54131
Sydney	-33.86785	151.20732
Brisbane	-27.46794	153.02809
Taiz province	13.5	44
AlBayda	18.86139	42.07078
Dena	28.44289	90.28327
Oakland	37.80437	-122.2708
Akrotiri	36.35796	25.3976
Limassol	34.68406	33.03794
Anadolu	39	35
Nevatim	31.22417	34.88098
Republic of Cyprus	24	121
Dhekelia	35.01667	33.775
USA	39.76	-98.5
League of Arab States	29.75634	-94.97187
El Amal City Hospital	32.893	0.54839
alAmal	31.39064	37.3146
Cape Town	-33.92584	18.42322
South Africansfrom	38.02807	-97.94033
Western Cape province	40.64575	-79.91382
Paltel	32.08712	35.18388
Salem	44.9429	-123.0351
Copenhagen	55.67594	12.56553
